{"name":"f3236670-4b13-4173-bd50-8650cc293107","id":"/providers/Microsoft.Flow/flows/f3236670-4b13-4173-bd50-8650cc293107","type":"Microsoft.Flow/flows","properties":{"apiId":"/providers/Microsoft.PowerApps/apis/shared_logicflows","displayName":"GDWCreateNewFolder","definition":{"metadata":{"workflowEntityId":null,"flowclientsuspensionreason":"None","flowclientsuspensiontime":null,"creator":{"id":"615e99bc-16ff-4c7f-b034-6c1a3262c6fb","type":"User","tenantId":"93f33571-550f-43cf-b09f-cd331338d086"},"provisioningMethod":"FromDefinition","failureAlertSubscription":true,"clientLastModifiedTime":"2020-12-10T14:47:24.9324511Z"},"$schema":"https://schema.management.azure.com/providers/Microsoft.Logic/schemas/2016-06-01/workflowdefinition.json#","contentVersion":"1.0.0.0","parameters":{"$connections":{"defaultValue":{},"type":"Object"},"$authentication":{"defaultValue":{},"type":"SecureObject"}},"triggers":{"Recurrence":{"recurrence":{"frequency":"Day","interval":1,"startTime":"2020-11-18T04:30:00.000Z","schedule":{"hours":["0"],"minutes":[1]}},"type":"Recurrence"}},"actions":{"Create_new_folder":{"runAfter":{},"type":"OpenApiConnection","inputs":{"host":{"apiId":"/providers/Microsoft.PowerApps/apis/shared_sharepointonline","connectionName":"shared_sharepointonline","operationId":"CreateNewFolder"},"parameters":{"dataset":"https://dxcportal.sharepoint.com/sites/gdwDailyFiles","table":"d79c96ff-70bf-4a27-b3ee-8a7aa73df584","parameters/path":"@formatDateTime(utcNow(),'dd-MMM-yyyy')"},"authentication":"@parameters('$authentication')"}}}},"connectionReferences":{"shared_sharepointonline":{"connectionName":"f59df47ff9ae491aa88fdd3e793ff796","source":"Embedded","id":"/providers/Microsoft.PowerApps/apis/shared_sharepointonline","tier":"NotSpecified"}},"flowFailureAlertSubscribed":false}}